image_name,Predictions_MMP,Predictions_ATP,Predictions_ROS,Predictions_respiration,Predictions_mitophagy
0,0.7061541220398834,0.7934363926348552,0.6080648418991654,0.6419704851346177,0.37851405110546965
1,0.8273961366652477,0.9044286745741948,0.5071365326813977,0.7664345221879143,0.29611874971253527
