image_name,Predictions_MMP,Predictions_ATP,Predictions_ROS,Predictions_respiration,Predictions_mitophagy
0,0.7006285706614287,0.7769604755946014,0.5574466464218824,0.7944314001579524,0.43386347971781763
1,0.7776591368884264,0.862951842126981,0.47301681633712533,0.8753911852678069,0.3196120899265512
