image_name,Predictions_MMP,Predictions_ATP,Predictions_ROS,Predictions_respiration,Predictions_mitophagy
0,0.7000202251321199,0.7769560499497268,0.5576658765999014,0.7944314001579524,0.4343738852419992
1,0.7776591368884264,0.862951842126981,0.47301681633712533,0.8753911852678069,0.31961208899522864
